Workbook

Sheet Month Board
A2: Casa Sol Hotel Front Desk Planner
A3: March 2026 room/day allocation grid with occupancy and ADR summary
A5: Room | B5: Type | C5: 1 | D5: 2 | E5: 3 | F5: 4 | G5: 5 | H5: 6 | I5: 7 | J5: 8 | K5: 9 | L5: 10 | M5: 11 | N5: 12 | O5: 13 | P5: 14 | Q5: 15 | R5: 16 | S5: 17 | T5: 18 | U5: 19 | V5: 20 | W5: 21 | X5: 22 | Y5: 23 | Z5: 24 | AA5: 25 | AB5: 26 | AC5: 27 | AD5: 28 | AE5: 29 | AF5: 30 | AG5: 31
A6: Azul | B6: Courtyard | D6: Martinez
A7: Sol | B7: Courtyard | G7: Dr. Elaine Porter
A8: Luna | B8: Courtyard | J8: Kobayashi Family
A9: Mar | B9: Courtyard | M9: Anne-Marie Voss
A10: Jardin | B10: Sea View | P10: Ibrahim Al Noor
A11: Terra | B11: Sea View | T11: Greene / Patel
A12: Vista | B12: Sea View | V12: Santos
A13: Patio | B13: Sea View | AA13: Nguyen
A14: Nube | B14: Sea View
A15: Coral | B15: Sea View
A18: Occupancy | B18: =COUNTA(C6:AG15)/(10*31) -> 0.025806452 | D18: Status colors: confirmed, checked-in, VIP. Guest names use shrink-to-fit to avoid wrap collisions.
A19: ADR | B19: =AVERAGE(Rates!C2:C11) -> 213

Sheet Reservations
A2: Guest | B2: Room | C2: Arrival | D2: Departure | E2: Status | F2: Channel | G2: Nights | H2: Revenue
A3: Martinez | B3: Azul | C3: 46083 | D3: 46085 | E3: Confirmed | F3: Direct | G3: =D3-C3 -> 2 | H3: =G3*INDEX(Rates!C:C,MATCH(B3,Rates!A:A,0)) -> 300
A4: Grant | B4: Sol | C4: 46082 | D4: 46083 | E4: Checked In | F4: Direct | G4: =D4-C4 -> 1 | H4: =G4*INDEX(Rates!C:C,MATCH(B4,Rates!A:A,0)) -> 168
A5: Nakamura | B5: Luna | C5: 46086 | D5: 46089 | E5: Confirmed | F5: Direct | G5: =D5-C5 -> 3 | H5: =G5*INDEX(Rates!C:C,MATCH(B5,Rates!A:A,0)) -> 558
A6: Singh | B6: Cactus | C6: 46090 | D6: 46093 | E6: VIP | F6: Direct | G6: =D6-C6 -> 3 | H6: =G6*INDEX(Rates!C:C,MATCH(B6,Rates!A:A,0)) -> 612
A7: Okafor | B7: Mariposa | C7: 46094 | D7: 46098 | E7: Confirmed | F7: Phone | G7: =D7-C7 -> 4 | H7: =G7*INDEX(Rates!C:C,MATCH(B7,Rates!A:A,0)) -> 888
A8: Bennett | B8: Olive | C8: 46084 | D8: 46087 | E8: Checked In | F8: Phone | G8: =D8-C8 -> 3 | H8: =G8*INDEX(Rates!C:C,MATCH(B8,Rates!A:A,0)) -> 720
A9: Rivera | B9: Adobe | C9: 46099 | D9: 46103 | E9: Hold | F9: OTA | G9: =D9-C9 -> 4 | H9: =G9*INDEX(Rates!C:C,MATCH(B9,Rates!A:A,0)) -> 1032
A10: Hughes | B10: Paloma | C10: 46104 | D10: 46108 | E10: Confirmed | F10: Phone | G10: =D10-C10 -> 4 | H10: =G10*INDEX(Rates!C:C,MATCH(B10,Rates!A:A,0)) -> 1104
A11: Klein | B11: Azul | C11: 46097 | D11: 46101 | E11: Confirmed | F11: Direct | G11: =D11-C11 -> 4 | H11: =G11*INDEX(Rates!C:C,MATCH(B11,Rates!A:A,0)) -> 600
A12: Ibrahim | B12: Sol | C12: 46102 | D12: 46106 | E12: VIP | F12: Direct | G12: =D12-C12 -> 4 | H12: =G12*INDEX(Rates!C:C,MATCH(B12,Rates!A:A,0)) -> 672

Sheet Rates
A1: Room | B1: Type | C1: ADR | D1: Cleaning Fee
A2: Azul | B2: Courtyard | C2: 150 | D2: 25
A3: Sol | B3: Courtyard | C3: 168 | D3: 25
A4: Luna | B4: Terrace | C4: 186 | D4: 25
A5: Cactus | B5: Terrace | C5: 204 | D5: 25
A6: Mariposa | B6: Terrace | C6: 222 | D6: 25
A7: Olive | B7: Terrace | C7: 240 | D7: 25
A8: Adobe | B8: Courtyard | C8: 258 | D8: 25
A9: Paloma | B9: Terrace | C9: 276 | D9: 25
