Workbook

Sheet Stripboard
A1: NIGHT SHIFT FILM PRODUCTION CONTROL BOOK
A2: Stripboard with labeled shoot-date grid and colored scene schedule blocks
A4: Day | B4: Scene | C4: Location | D4: Cast | E4: D/N | F4: Pages | G4: 15 Mar | H4: 16 Mar | I4: 17 Mar | J4: 18 Mar | K4: 19 Mar | L4: 20 Mar | M4: 21 Mar | N4: 22 Mar | O4: 23 Mar | P4: Status
A5: 1 | B5: 3A | C5: Diner exterior | D5: A,B | E5: N | F5: 1.5 | G5: ■ | H5: ■ | P5: Ready
A6: 1 | B6: 4 | C6: Diner interior | D6: A,B,C | E6: N | F6: 3 | H6: ■ | I6: ■ | P6: Ready
A7: 2 | B7: 7 | C7: Alley rain | D7: B,D | E7: N | F7: 2.25 | I7: ■ | J7: ■ | P7: Prep
A8: 3 | B8: 9 | C8: Rooftop | D8: A,D | E8: N | F8: 1.75 | J8: ■ | K8: ■ | P8: Hold
A9: 4 | B9: 12 | C9: Apartment | D9: C | E9: D | F9: 2 | K9: ■ | L9: ■ | P9: Ready
A10: 5 | B10: 15 | C10: Hospital | D10: A,E | E10: D | F10: 2.5 | L10: ■ | M10: ■ | P10: Prep
A11: 6 | B11: 18 | C11: Bridge | D11: A,B,D | E11: N | F11: 1 | M11: ■ | N11: ■ | O11: ■ | P11: Ready
A12: 7 | B12: 21 | C12: Warehouse | D12: All | E12: N | F12: 4 | N12: ■ | O12: ■ | P12: ■

Sheet Shoot Days
A3: Date | B3: Unit | C3: Scenes | D3: Page Count | E3: Company Move | F3: Completion
A4: 46115 | B4: Main | C4: =COUNTIF(Stripboard!A:A,1) -> 2 | D4: =SUMIF(Stripboard!A:A,1,Stripboard!F:F) -> 4.5 | E4: =TRUE() -> TRUE | F4: =D4/6 -> 0.75
A5: 46116 | B5: Main | C5: =COUNTIF(Stripboard!A:A,2) -> 1 | D5: =SUMIF(Stripboard!A:A,2,Stripboard!F:F) -> 2.25 | E5: =FALSE() -> FALSE | F5: =D5/6 -> 0.375
A6: 46117 | B6: Main | C6: =COUNTIF(Stripboard!A:A,3) -> 1 | D6: =SUMIF(Stripboard!A:A,3,Stripboard!F:F) -> 1.75 | E6: =TRUE() -> TRUE | F6: =D6/6 -> 0.29166667
A7: 46118 | B7: Main | C7: =COUNTIF(Stripboard!A:A,4) -> 1 | D7: =SUMIF(Stripboard!A:A,4,Stripboard!F:F) -> 2 | E7: =FALSE() -> FALSE | F7: =D7/6 -> 0.33333333
A8: 46119 | B8: Main | C8: =COUNTIF(Stripboard!A:A,5) -> 1 | D8: =SUMIF(Stripboard!A:A,5,Stripboard!F:F) -> 2.5 | E8: =TRUE() -> TRUE | F8: =D8/6 -> 0.41666667

Sheet Budget
A2: Category | B2: Budget | C2: Actual | D2: Variance
A3: Crew | B3: 42000 | C3: 44500 | D3: =B3-C3 -> -2500
A4: Locations | B4: 18000 | C4: 16500 | D4: =B4-C4 -> 1500
A5: Equipment | B5: 26000 | C5: 27400 | D5: =B5-C5 -> -1400
A6: Post | B6: 15000 | C6: 13800 | D6: =B6-C6 -> 1200
A7: Contingency | B7: 9000 | C7: 7000 | D7: =B7-C7 -> 2000

Sheet Call Sheet
A2: Role | B2: Name | C2: Call Time | D2: Location | E2: Phone
A3: Director | B3: Mara Ellison | C3: 0.70833333 | D3: Diner | E3: 555-0101
A4: DP | B4: Quinn Vale | C4: 0.72916667 | D4: Diner | E4: 555-0122
A5: 1st AD | B5: Jon Park | C5: 0.6875 | D5: Basecamp | E5: 555-0191

Sheet Risks
A2: Risk | B2: Probability | C2: Impact | D2: Mitigation
A3: Rain exterior | B3: 0.45 | C3: 4 | D3: Cover set
A4: Permit delay | B4: 0.25 | C4: 5 | D4: Backup alley
A5: Overtime | B5: 0.35 | C5: 3 | D5: Prelight
